INSERT INTO characters VALUES
    ('Aatrox',650,55,5,'Tank'),
    ('Diana',540,47,8,'Mage'),
    ('Caitlyn',580,62,3,'Marksman'),
    ('Draven',575,64,10,'Marksman'),
    ('Ahri',570,50,8,'Mage'),
    ('Bard',630,48,12,'Support'),
    ('Darius',625,58,0,'Tank'),
    ('Janna',570,52,0,'Support'),
    ('Jinx',600,59,0,'Marksman'),
    ('LeBlanc',590,55,0,'Mage'),
    ('Kalista',570,64,10,'Marksman'),
    ('Kayle',670,50,10,'Tank'),
    ('Lulu',540,47,8,'Support'),
    ('Lucian',620,60,8,'Marksman'),
    ('Malphite',660,52,10,'Tank'),
    ('Lillia',600,55,10,'Mage'),
    ('Morgana',610,51,8,'Support'),
    ('Nami',560,50,10,'Support'),
    ('Olaf',645,60,12,'Tank'),
    ('Seraphine',570,55,12,'Mage');

INSERT INTO weapon VALUES
    ('Dull Blade',1,5,10),
    ('Dark Seal',1,0,15),
    ('Sheen',1,10,15),
    ('Sheen',2,25,15),
    ('Serrated Dirk',1,10,20),
    ('Serrated Dirk',2,15,30),
    ('Vampiric Scepter',1,10,10),
    ('Bloodthirster',1,15,15),
    ('Bloodthirster',2,20,25),
    ('Bloodthirster',3,25,40),
    ('Eclipse',1,15,20),
    ('Eclipse',2,25,30),
    ('Divine Sunderer',1,20,10),
    ('Divine Sunderer',2,25,15),
    ('Divine Sunderer',3,30,20),
    ('Death’s Dance',1,10,15),
    ('Death’s Dance',2,15,20),
    ('Death’s Dance',3,20,25),
    ('Galeforce',1,5,20),
    ('Galeforce',2,10,30),
    ('Galeforce',3,15,40),
    ('Kraken Slayer',1,5,25),
    ('Kraken Slayer',2,10,35),
    ('Kraken Slayer',3,15,45);

INSERT INTO weaponeffects VALUES
    ('Dull Blade',1,'+10 armor'),
    ('Dark Seal',1,'+20 spell damage'),
    ('Sheen',1,'+10 pure damage'),
    ('Sheen',2,'+15 pure damage'),
    ('Serrated Dirk',1,'+10 lethality'),
    ('Serrated Dirk',2,'+15 lethality'),
    ('Vampiric Scepter',1,'+15% lifesteal'),
    ('Bloodthirster',1,'+15% lifesteal'),
    ('Bloodthirster',2,'+20% lifesteal'),
    ('Bloodthirster',3,'+25% lifesteal'),
    ('Eclipse',1,'+10 lethality'),
    ('Eclipse',2,'+15 lethality'),
    ('Eclipse',1,'+10% lifesteal'),
    ('Eclipse',2,'+15% lifesteal'),
    ('Divine Sunderer',1,'+10 armor pen'),
    ('Divine Sunderer',2,'+15 armor pen'),
    ('Divine Sunderer',3,'+20 armor pen'),
    ('Death’s Dance',1,'+10% damage red'),
    ('Death’s Dance',2,'+15% damage red'),
    ('Death’s Dance',3,'+20% damage red'),
    ('Galeforce',1,'+10 lethality'),
    ('Galeforce',2,'+15 lethality'),
    ('Galeforce',3,'+20 lethality'),
    ('Galeforce',1,'+10 movement speed'),
    ('Galeforce',2,'+10 movement speed'),
    ('Galeforce',3,'+10 movement speed'),
    ('Kraken Slayer',1,'+10 pure damage'),
    ('Kraken Slayer',2,'+15 pure damage'),
    ('Kraken Slayer',3,'+20 pure damage'),
    ('Kraken Slayer',1,'+10% armor pen'),
    ('Kraken Slayer',2,'+15% armor pen'),
    ('Kraken Slayer',3,'+20% armor pen');

INSERT INTO tank VALUES
    ('Aatrox',45),
    ('Darius',40),
    ('Kayle',55),
    ('Malphite',60),
    ('Olaf',60);

INSERT INTO mage VALUES
    ('Diana',40),
    ('Ahri',50),
    ('LeBlanc',50),
    ('Lillia',45),
    ('Seraphine',40);

INSERT INTO marksman VALUES
    ('Caitlyn',70),
    ('Draven',55),
    ('Jinx',65),
    ('Kalista',60),
    ('Lucian',60);

INSERT INTO support VALUES
    ('Bard',120),
    ('Janna',150),
    ('Lulu',150),
    ('Morgana',130),
    ('Nami',160);

INSERT INTO map VALUES
    ('Dust','Desert'),
    ('Winter Rift','Snow'),
    ('Summer Pool','Summer'),
    ('Space Rift','SciFi'),
    ('Xmas special','Snow'),
    ('Palm','Beach'),
    ('Mirage','Desert'),
    ('Inferno','Summer'),
    ('Overpass','Rainy'),
    ('Chernobyl','Nuclear'),
    ('Dusseldorf','SciFi'),
    ('Nuketown','Nuclear');

INSERT INTO server VALUES
    (30000,'China','Beijing',NULL,NULL),
    (10000,'China','Shanghai','China','Beijing'),
    (10000,'China','Hong Kong','China','Beijing'),
    (20000,'India','Bombay',NULL,NULL),
    (7500,'India','Hyderabad','India','Bombay'),
    (10000,'India','Delhi','India','Bombay'),
    (40000,'USA','New York',NULL,NULL),
    (25000,'USA','Chicago','USA','New York'),
    (20000,'USA','Washington DC','USA','New York'),
    (20000,'USA','LA','USA','New York'),
    (30000,'Russia','Moscow',NULL,NULL),
    (50000,'Germany','Berlin',NULL,NULL),
    (30000,'UK','London','Germany','Berlin'),
    (30000,'France','Paris','Germany','Berlin'),
    (20000,'Turkey','Istanbul',NULL,NULL);

INSERT INTO npc VALUES
    ('Chester','Dust','Boots'),
    ('Chester','Mirage','Boots'),
    ('Chester','Dusseldorf','Boots'),
    ('Chester','Inferno','Boots'),
    ('Chester','Palm','Attack potion'),
    ('Chester','Summer Pool','Attack potion'),
    ('Chester','Xmas special','Attack potion'),
    ('Lucy','Mirage','Boots'),
    ('Lucy','Palm','Boots'),
    ('Lucy','Dusseldorf','Shield potion'),
    ('Lucy','Chernobyl','Shield potion'),
    ('Lucy','Nuketown','Shield potion'),
    ('Garcy','Dust','Blink'),
    ('Garcy','Mirage','Blink'),
    ('Garcy','Inferno','Blink'),
    ('Garcy','Overpass','Blink'),
    ('Garcy','Dusseldorf','Blink'),
    ('Garcy','Winter Rift','Blink'),
    ('Garcy','Space Rift','Blink'),
    ('Santa','Xmas special','Present'),
    ('Akali','Dust','Hourglass'),
    ('Akali','Mirage','Hourglass'),
    ('Akali','Dusseldorf','Hourglass'),
    ('Akali','Xmas special','Dagger'),
    ('Sandra','Palm','Cooling potion'),
    ('Sandra','Mirage','Cooling potion'),
    ('Sandra','Dust','Cooling potion'),
    ('Sandra','Space Rift','Cooling potion'),
    ('Sandra','Summer Pool','Cooling potion');

INSERT INTO matches
    (StartTime, EndTime, MapName, Country, City) VALUES
    ('2022-01-28 11:30:00','2022-01-28 12:00:00','Dust','China','Beijing'),
    ('2022-02-14 14:55:30','2022-02-14 15:30:30','Winter Rift','China','Shanghai'),
    ('2021-12-23 10:45:00','2021-12-23 11:25:00','Summer Pool','China','Hong Kong'),
    ('2022-02-20 11:10:00','2022-02-20 12:20:00','Space Rift','India','Bombay'),
    ('2022-03-10 21:00:00','2022-03-10 21:50:00','Xmas special','India','Hyderabad'),
    ('2022-03-27 20:50:30','2022-03-27 21:40:30','Palm','India','Delhi'),
    ('2022-05-10 13:45:00','2022-05-10 14:25:00','Mirage','USA','New York'),
    ('2022-05-03 15:25:00','2022-05-03 16:00:00','Inferno','USA','Chicago'),
    ('2022-06-20 17:20:00','2022-06-20 17:55:00','Overpass','USA','Washington DC'),
    ('2022-08-21 10:15:00','2022-08-21 11:05:00','Chernobyl','USA','LA');

INSERT INTO player
    (Level, Email, ProfilePicture, Coins, TimePlayed, Rating, AccountCreationDate, ClanID) VALUES
    (11,'melyna93@yahoo.com','https://imgur.com/gallery/qix5QTO',23848,449,6841,'2022-04-18 00:00:00',NULL),
    (15,'kjacobi@hotmail.com','https://imgur.com/gallery/syo908',13157,30,8230,'2022-03-23 00:00:00',NULL),
    (15,'crystal14@yahoo.com','https://imgur.com/gallery/jodJAO',30093,125,8324,'2021-06-18 00:00:00',NULL),
    (26,'abby.davis@gmail.com','https://imgur.com/gallery/qij291A',531,12,14709,'2021-10-07 00:00:00',NULL),
    (1,'okeefe.kathryn@hotmail.com','https://imgur.com/gallery/qadOI0',36105,323,2028,'2021-08-02 00:00:00',NULL),
    (10,'fgreenholt@gmail.com','https://imgur.com/gallery/asdj90',3673,379,5374,'2021-11-19 00:00:00',NULL),
    (0,'ashton42@hotmail.com','https://imgur.com/gallery/nfoOA',36420,230,608,'2022-12-27 00:00:00',NULL),
    (8,'christy.price@yahoo.com','https://imgur.com/gallery/kop849',5000,497,4973,'2022-10-16 00:00:00',NULL),
    (27,'wunsch.rafaela@hotmail.com','https://imgur.com/gallery/mk8UI',27286,183,14345,'2022-01-12 00:00:00',NULL),
    (26,'hrogahn@yahoo.com','https://imgur.com/gallery/uit90A',13421,448,14266,'2022-05-05 00:00:00',NULL),
    (6,'polly.stiedemann@hotmail.com','https://imgur.com/gallery/gtu812',2000,302,3652,'2021-03-02 00:00:00',NULL),
    (29,'rita.swaniawski@gmail.com','https://imgur.com/gallery/teu189A',41647,484,16157,'2022-03-11 00:00:00',NULL),
    (19,'mosciski.marta@gmail.com','https://imgur.com/gallery/bnu56F',47083,374,11335,'2022-06-27 00:00:00',NULL),
    (0,'cummings.spencer@yahoo.com','https://imgur.com/gallery/prta34',38364,36,495,'2022-07-18 00:00:00',NULL),
    (5,'ldeckow@yahoo.com','https://imgur.com/gallery/hutb12',21230,228,2742,'2021-02-11 00:00:00',NULL),
    (25,'hessel.beth@gmail.com','https://imgur.com/gallery/bxd192',35099,71,12673,'2021-12-02 00:00:00',NULL),
    (20,'herzog.kane@yahoo.com','https://imgur.com/gallery/vbu901',15730,10,10571,'2021-02-26 00:00:00',NULL),
    (1,'victor35@hotmail.com','https://imgur.com/gallery/fgu123',739,337,2106,'2022-02-01 00:00:00',NULL),
    (25,'isabel62@gmail.com','https://imgur.com/gallery/try182',31773,258,13361,'2022-02-22 00:00:00',NULL),
    (5,'audie.yundt@gmail.com','https://imgur.com/gallery/egh102',16816,300,3645,'2022-10-28 00:00:00',NULL);

INSERT INTO handles VALUES
    (10000,'Esmereldaxx'),
    (10001,'DizzyDolly'),
    (10002,'TwistedSister'),
    (10003,'Splendido76'),
    (10004,'Atlantean'),
    (10005,'Demonatic'),
    (10006,'Lonesomefret'),
    (10007,'Millennial0'),
    (10008,'I_Cant_Play'),
    (10009,'heavenshawk'),
    (10010,'TwistedSister'),
    (10011,'Greenlaker'),
    (10012,'Realmvanquish'),
    (10013,'Gratefuldread'),
    (10014,'ShiftedRy'),
    (10015,'Sweetcaroline'),
    (10016,'Crash23'),
    (10017,'Falconry'),
    (10018,'EliminaT0R'),
    (10019,'Pebbles44'),
    (10003,'Potamus'),
    (10004,'DoomedSilver'),
    (10005,'PanMan'),
    (10014,'Hoozapoppin'),
    (10015,'RatBoy'),
    (10016,'Bisakrest'),
    (10017,'Vemodalen'),
    (10018,'Hiraeth'),
    (10005,'WhiteRabbit'),
    (10006,'Maceface'),
    (10007,'Needlepoint'),
    (10008,'Confussion');

INSERT INTO clan VALUES
    (1,'DevilKillers',10002),
    (2,'TheElite',10008),
    (3,'Pokeclub',10010),
    (4,'Hyrule',10015),
    (5,'Narnia',10018);

UPDATE player SET ClanID = 1
WHERE PlayerID IN (10001, 10002, 10011);

UPDATE player SET ClanID = 2
WHERE PlayerID IN (10008, 10003, 10012);

UPDATE player SET ClanID = 3
WHERE PlayerID IN (10010, 10004, 10005, 10013, 10014);

UPDATE player SET ClanID = 4
WHERE PlayerID IN (10015, 10006, 10007, 10009);

UPDATE player SET ClanID = 5
WHERE PlayerID IN (10018, 10016, 10017, 10019, 10000);

INSERT INTO achievement VALUES
    ('Score 10 kills',10000,'2022-09-19 00:00:00'),
    ('Score 10 kills',10003,'2022-10-08 00:00:00'),
    ('Score 10 kills',10006,'2022-01-02 00:00:00'),
    ('Score 10 kills',10009,'2021-04-10 00:00:00'),
    ('Score 10 kills',10012,'2021-04-05 00:00:00'),
    ('Never die',10001,'2022-02-24 00:00:00'),
    ('Never die',10004,'2021-09-07 00:00:00'),
    ('Never die',10019,'2022-03-14 00:00:00'),
    ('Never die',10017,'2022-10-26 00:00:00'),
    ('Earn 500 gold',10002,'2021-01-24 00:00:00'),
    ('Earn 500 gold',10006,'2022-11-13 00:00:00'),
    ('Earn 500 gold',10010,'2021-03-18 00:00:00'),
    ('Earn 500 gold',10014,'2021-05-12 00:00:00'),
    ('Earn 500 gold',10018,'2022-12-09 00:00:00'),
    ('Earn 500 gold',10001,'2021-01-10 00:00:00'),
    ('Earn 500 gold',10003,'2021-12-05 00:00:00'),
    ('Win first match',10000,'2021-03-21 00:00:00'),
    ('Win first match',10001,'2021-04-07 00:00:00'),
    ('Win first match',10002,'2022-02-01 00:00:00'),
    ('Win first match',10003,'2021-11-08 00:00:00'),
    ('Win first match',10004,'2022-06-15 00:00:00'),
    ('Win first match',10005,'2021-02-06 00:00:00'),
    ('Win first match',10006,'2022-10-23 00:00:00'),
    ('Win first match',10007,'2022-04-22 00:00:00'),
    ('Win first match',10008,'2022-10-20 00:00:00'),
    ('Win first match',10009,'2021-08-24 00:00:00'),
    ('Win first match',10010,'2021-01-22 00:00:00'),
    ('Win first match',10011,'2021-08-13 00:00:00'),
    ('Win first match',10012,'2021-07-28 00:00:00'),
    ('Win first match',10013,'2021-04-10 00:00:00'),
    ('Win first match',10014,'2022-07-28 00:00:00'),
    ('Win first match',10015,'2022-04-13 00:00:00'),
    ('Win first match',10016,'2021-05-09 00:00:00'),
    ('Win first match',10017,'2021-02-13 00:00:00'),
    ('Win first match',10018,'2022-04-10 00:00:00'),
    ('Win first match',10019,'2021-01-13 00:00:00'),
    ('Deal 1000 damage',10018,'2021-11-21 00:00:00'),
    ('Deal 1000 damage',10001,'2021-09-15 00:00:00'),
    ('Deal 1000 damage',10003,'2021-04-21 00:00:00'),
    ('Deal 1000 damage',10019,'2022-04-21 00:00:00'),
    ('Deal 1000 damage',10002,'2021-06-08 00:00:00'),
    ('Deal 1000 damage',10004,'2022-08-08 00:00:00'),
    ('Deal 1000 damage',10000,'2022-12-10 00:00:00'),
    ('Buy from 10 NPCs',10001,'2022-12-24 00:00:00'),
    ('Buy from 10 NPCs',10005,'2022-10-25 00:00:00'),
    ('Buy from 10 NPCs',10009,'2022-11-24 00:00:00'),
    ('Buy from 10 NPCs',10013,'2022-12-28 00:00:00'),
    ('Buy from 10 NPCs',10017,'2021-02-14 00:00:00'),
    ('Buy from 10 NPCs',10000,'2021-03-18 00:00:00'),
    ('Buy from 10 NPCs',10015,'2021-08-22 00:00:00'),
    ('Buy from 10 NPCs',10019,'2022-01-15 00:00:00');

INSERT INTO achievementcoins VALUES
    ('Score 10 kills',10000),
    ('Never die',15000),
    ('Earn 500 gold',5000),
    ('Win first match',1000),
    ('Deal 1000 damage',10000),
    ('Buy from 10 NPCs',7500);

INSERT INTO playedwith VALUES
    ('Morgana','Eclipse',2,10012,1,'blue',2),
    ('Bard','Death’s Dance',2,10010,1,'blue',19),
    ('Diana','Bloodthirster',3,10003,1,'blue',21),
    ('Draven','Divine Sunderer',3,10007,1,'blue',15),
    ('Caitlyn','Dull Blade',1,10015,1,'blue',16),
    ('Nami','Bloodthirster',1,10011,1,'red',10),
    ('Olaf','Divine Sunderer',1,10018,1,'red',6),
    ('Ahri','Galeforce',3,10014,1,'red',9),
    ('LeBlanc','Sheen',2,10017,1,'red',24),
    ('Lucian','Death’s Dance',3,10006,1,'red',2),
    ('Kalista','Serrated Dirk',2,10007,2,'blue',15),
    ('Lillia','Vampiric Scepter',1,10009,2,'blue',4),
    ('Jinx','Death’s Dance',2,10015,2,'blue',11),
    ('Malphite','Kraken Slayer',1,10011,2,'blue',13),
    ('Ahri','Sheen',2,10016,2,'blue',24),
    ('Aatrox','Kraken Slayer',3,10008,2,'red',7),
    ('Bard','Kraken Slayer',2,10013,2,'red',18),
    ('Olaf','Divine Sunderer',2,10019,2,'red',19),
    ('Draven','Serrated Dirk',1,10006,2,'red',7),
    ('Janna','Bloodthirster',2,10010,2,'red',6),
    ('Kayle','Bloodthirster',1,10011,3,'blue',23),
    ('Lucian','Serrated Dirk',2,10018,3,'blue',22),
    ('Darius','Eclipse',2,10006,3,'blue',18),
    ('Diana','Divine Sunderer',1,10007,3,'blue',16),
    ('Bard','Galeforce',3,10003,3,'blue',21),
    ('LeBlanc','Sheen',2,10017,3,'red',19),
    ('Olaf','Eclipse',1,10004,3,'red',14),
    ('Nami','Serrated Dirk',1,10002,3,'red',17),
    ('Morgana','Divine Sunderer',2,10001,3,'red',9),
    ('Aatrox','Galeforce',2,10010,3,'red',17),
    ('Nami','Serrated Dirk',2,10017,4,'blue',17),
    ('Draven','Galeforce',1,10007,4,'blue',16),
    ('Bard','Divine Sunderer',3,10010,4,'blue',0),
    ('Kalista','Dull Blade',1,10005,4,'blue',24),
    ('Janna','Eclipse',2,10018,4,'blue',6),
    ('Aatrox','Death’s Dance',1,10003,4,'red',20),
    ('Darius','Galeforce',2,10019,4,'red',7),
    ('Morgana','Vampiric Scepter',1,10001,4,'red',3),
    ('Malphite','Sheen',2,10016,4,'red',7),
    ('Seraphine','Death’s Dance',2,10000,4,'red',20),
    ('Janna','Dull Blade',1,10004,5,'blue',0),
    ('Jinx','Kraken Slayer',2,10013,5,'blue',9),
    ('Diana','Bloodthirster',3,10014,5,'blue',20),
    ('Bard','Bloodthirster',2,10015,5,'blue',2),
    ('Ahri','Death’s Dance',2,10001,5,'blue',15),
    ('LeBlanc','Bloodthirster',1,10006,5,'red',6),
    ('Draven','Kraken Slayer',1,10000,5,'red',0),
    ('Darius','Vampiric Scepter',1,10010,5,'red',0),
    ('Kayle','Sheen',1,10016,5,'red',20),
    ('Seraphine','Divine Sunderer',3,10003,5,'red',17),
    ('Bard','Divine Sunderer',1,10019,6,'blue',4),
    ('Malphite','Serrated Dirk',1,10000,6,'blue',21),
    ('Ahri','Divine Sunderer',2,10014,6,'blue',21),
    ('Lucian','Kraken Slayer',2,10016,6,'blue',2),
    ('Kalista','Eclipse',2,10005,6,'blue',0),
    ('Olaf','Serrated Dirk',2,10011,6,'red',5),
    ('Aatrox','Vampiric Scepter',1,10017,6,'red',6),
    ('Seraphine','Dull Blade',1,10013,6,'red',23),
    ('Darius','Eclipse',1,10004,6,'red',0),
    ('Kayle','Sheen',1,10003,6,'red',24),
    ('Seraphine','Kraken Slayer',1,10003,7,'blue',20),
    ('Bard','Serrated Dirk',1,10012,7,'blue',5),
    ('Caitlyn','Eclipse',1,10000,7,'blue',18),
    ('Jinx','Dull Blade',1,10011,7,'blue',23),
    ('Aatrox','Death’s Dance',2,10017,7,'blue',4),
    ('Lillia','Sheen',2,10019,7,'red',3),
    ('LeBlanc','Divine Sunderer',3,10004,7,'red',0),
    ('Janna','Death’s Dance',3,10018,7,'red',19),
    ('Draven','Kraken Slayer',3,10006,7,'red',12),
    ('Malphite','Galeforce',3,10001,7,'red',21),
    ('Draven','Kraken Slayer',3,10008,8,'blue',5),
    ('Nami','Death’s Dance',3,10011,8,'blue',13),
    ('LeBlanc','Serrated Dirk',2,10014,8,'blue',21),
    ('Olaf','Serrated Dirk',1,10009,8,'blue',11),
    ('Jinx','Bloodthirster',3,10010,8,'blue',25),
    ('Lulu','Sheen',1,10012,8,'red',20),
    ('Kalista','Divine Sunderer',3,10005,8,'red',4),
    ('Lucian','Divine Sunderer',2,10019,8,'red',16),
    ('Lillia','Bloodthirster',1,10001,8,'red',14),
    ('Darius','Kraken Slayer',2,10017,8,'red',15),
    ('Kayle','Serrated Dirk',1,10014,9,'blue',2),
    ('Lillia','Eclipse',1,10001,9,'blue',10),
    ('Diana','Death’s Dance',1,10002,9,'blue',24),
    ('Bard','Death’s Dance',3,10013,9,'blue',24),
    ('Kalista','Kraken Slayer',1,10011,9,'blue',11),
    ('Caitlyn','Dark Seal',1,10003,9,'red',11),
    ('Janna','Death’s Dance',2,10005,9,'red',6),
    ('Aatrox','Divine Sunderer',1,10015,9,'red',10),
    ('Malphite','Sheen',1,10007,9,'red',23),
    ('Ahri','Bloodthirster',3,10006,9,'red',19),
    ('Olaf','Serrated Dirk',1,10019,10,'blue',13),
    ('Kayle','Bloodthirster',2,10011,10,'blue',2),
    ('Bard','Death’s Dance',1,10002,10,'blue',9),
    ('Nami','Serrated Dirk',2,10008,10,'blue',11),
    ('Caitlyn','Bloodthirster',1,10009,10,'blue',11),
    ('Darius','Bloodthirster',3,10006,10,'red',1),
    ('Aatrox','Kraken Slayer',3,10012,10,'red',18),
    ('Janna','Galeforce',3,10010,10,'red',14),
    ('Diana','Eclipse',2,10007,10,'red',23),
    ('Jinx','Death’s Dance',2,10013,10,'red',23);

